command,module,path,handler
advise,forge.cli_commands.advise,src/forge/cli_commands/advise.py,forge.cli_commands.advise.handle
analyze,forge.cli_commands.analyze,src/forge/cli_commands/analyze.py,forge.cli_commands.analyze.handle
analyze-bands,forge.cli_commands.analyze_bands,src/forge/cli_commands/analyze_bands.py,forge.cli_commands.analyze_bands.handle
benchmark,forge.cli_commands.benchmark,src/forge/cli_commands/benchmark.py,forge.cli_commands.benchmark.handle
calibrate,forge.cli_commands.calibrate,src/forge/cli_commands/calibrate.py,forge.cli_commands.calibrate.handle
converge,forge.cli_commands.converge,src/forge/cli_commands/converge.py,forge.cli_commands.converge.handle
diagnose,forge.cli_commands.diagnose,src/forge/cli_commands/diagnose.py,forge.cli_commands.diagnose.handle
diagnostics,forge.cli_commands.diagnostics,src/forge/cli_commands/diagnostics.py,forge.cli_commands.diagnostics.handle
generate,forge.cli_commands.generate,src/forge/cli_commands/generate.py,forge.cli_commands.generate.handle
hardware,forge.cli_commands.hardware,src/forge/cli_commands/hardware.py,forge.cli_commands.hardware.handle
history,forge.cli_commands.history,src/forge/cli_commands/history.py,forge.cli_commands.history.handle
monitor,forge.cli_commands.monitor,src/forge/cli_commands/monitor.py,forge.cli_commands.monitor.handle
optimize,forge.cli_commands.optimize,src/forge/cli_commands/optimize.py,forge.cli_commands.optimize.handle
predict,forge.cli_commands.predict,src/forge/cli_commands/predict.py,forge.cli_commands.predict.handle
run,forge.cli_commands.run,src/forge/cli_commands/run.py,forge.cli_commands.run.handle
screen,forge.cli_commands.screen,src/forge/cli_commands/screen.py,forge.cli_commands.screen.handle
submit,forge.cli_commands.submit,src/forge/cli_commands/submit.py,forge.cli_commands.submit.handle
tui,forge.cli_commands.tui,src/forge/cli_commands/tui.py,forge.cli_commands.tui.handle
workflow,forge.cli_commands.workflow,src/forge/cli_commands/workflow.py,forge.cli_commands.workflow.handle
