path,size_bytes,suffix,category
.dockerignore,204,,configuration
.github/workflows/ci.yml,1557,.yml,ci
.github/workflows/reframe_benchmark.yml,2517,.yml,ci
.gitignore,521,,configuration
.pre-commit-config.yaml,407,.yaml,configuration
CITATION.cff,3100,.cff,configuration
Dockerfile,2116,,configuration
LICENSE.md,1140,.md,other
Makefile,7948,,configuration
README.md,9818,.md,other
Singularity.def,14291,.def,configuration
completions/forge.bash,8223,.bash,other
completions/forge.zsh,9873,.zsh,other
completions/forge_sbatch.bash,3571,.bash,other
completions/forge_sbatch.zsh,3268,.zsh,other
completions/forge_wizard.bash,248,.bash,other
completions/forge_wizard.zsh,124,.zsh,other
docker-compose.yml,635,.yml,configuration
docs/api-reference.md,22669,.md,documentation
docs/api.rst,94,.rst,documentation
docs/architecture/README.md,2690,.md,documentation
docs/architecture/analysis_meta.json,442,.json,documentation
docs/architecture/architecture_overview.md,2717,.md,documentation
docs/architecture/architecture_overview.mmd,1754,.mmd,documentation
docs/architecture/architecture_overview.svg,2374,.svg,documentation
docs/architecture/call_graph.json,3755094,.json,documentation
docs/architecture/call_graph_focused.mmd,10740,.mmd,documentation
docs/architecture/ci_pipeline.mmd,677,.mmd,documentation
docs/architecture/cli_command_map.csv,2041,.csv,documentation
docs/architecture/cli_command_map.json,7078,.json,documentation
docs/architecture/cli_command_map.md,2831,.md,documentation
docs/architecture/cli_execution_flow.mmd,749,.mmd,documentation
docs/architecture/dependency_report.md,10693,.md,documentation
docs/architecture/execution_lifecycle.mmd,1189,.mmd,documentation
docs/architecture/external_execution.json,28129,.json,documentation
docs/architecture/file_inventory.csv,13006,.csv,documentation
docs/architecture/file_inventory.json,32611,.json,documentation
docs/architecture/file_tree.md,11521,.md,documentation
docs/architecture/findings.md,6945,.md,documentation
docs/architecture/limitations.md,1245,.md,documentation
docs/architecture/module_catalog.md,23150,.md,documentation
docs/architecture/module_dependencies.dot,28622,.dot,documentation
docs/architecture/module_dependencies.json,122618,.json,documentation
docs/architecture/module_dependencies.mmd,4169,.mmd,documentation
docs/architecture/modules.json,6254369,.json,documentation
docs/architecture/qe_execution.mmd,638,.mmd,documentation
docs/architecture/render_status.json,265,.json,documentation
docs/architecture/scheduler_execution.mmd,627,.mmd,documentation
docs/architecture/test_architecture.mmd,677,.mmd,documentation
docs/architecture/test_module_mapping.csv,3547,.csv,documentation
docs/architecture/testing_report.md,4215,.md,documentation
docs/architecture/wien2k_execution.mmd,777,.mmd,documentation
docs/architecture/workflow_analysis.md,3816,.md,documentation
docs/conf.py,1473,.py,documentation
docs/contributing.md,3816,.md,documentation
docs/examples.md,2213,.md,documentation
docs/file-tree.md,20330,.md,documentation
docs/index.md,3078,.md,documentation
docs/index.rst,203,.rst,documentation
docs/installation.md,7988,.md,documentation
docs/job-submission.md,5895,.md,documentation
docs/machines-guide.md,7174,.md,documentation
docs/ml_dataset.md,29155,.md,documentation
docs/parallel-modes.md,3121,.md,documentation
docs/preprocessing-convergence.md,17228,.md,documentation
docs/troubleshooting.md,4890,.md,documentation
docs/user-guide.md,16396,.md,documentation
docs/workflow.md,3417,.md,documentation
download_and_train.py,1811,.py,script
environment.yml,791,.yml,configuration
examples/01_si_semiconductor/Si.in1,276,.in1,example
examples/01_si_semiconductor/Si.in2,168,.in2,example
examples/01_si_semiconductor/Si.struct,1360,.struct,example
examples/01_si_semiconductor/wien2k_gen.yaml,3656,.yaml,example
examples/02_cu_metal/Cu.in1,424,.in1,example
examples/02_cu_metal/Cu.in2,168,.in2,example
examples/02_cu_metal/Cu.struct,1345,.struct,example
examples/02_cu_metal/wien2k_gen.yaml,2189,.yaml,example
examples/03_fe_magnetic/Fe.in1,461,.in1,example
examples/03_fe_magnetic/Fe.in2,168,.in2,example
examples/03_fe_magnetic/Fe.inst,213,.inst,example
examples/03_fe_magnetic/Fe.struct,1362,.struct,example
examples/03_fe_magnetic/wien2k_gen.yaml,3196,.yaml,example
examples/README.md,2573,.md,example
install.sh,32550,.sh,other
offline_packages/requirements-offline.txt,623,.txt,data
parallel_options,1984,,other
pyproject.toml,6285,.toml,configuration
src/forge/__init__.py,7549,.py,production
src/forge/__main__.py,129,.py,production
src/forge/backend_manager.py,1771,.py,production
src/forge/backends/__init__.py,12379,.py,production
src/forge/backends/base.py,13087,.py,production
src/forge/backends/cp2k.py,28130,.py,production
src/forge/backends/elpa_selector.py,9453,.py,production
src/forge/backends/gpu_backend.py,22659,.py,production
src/forge/backends/quantum_espresso/__init__.py,1671,.py,production
src/forge/backends/quantum_espresso/backend.py,23293,.py,production
src/forge/backends/quantum_espresso/config_generator.py,9860,.py,production
src/forge/backends/quantum_espresso/executor.py,10157,.py,production
src/forge/backends/quantum_espresso/parser.py,11238,.py,production
src/forge/backends/vasp.py,18512,.py,production
src/forge/backends/wien2k/__init__.py,303,.py,production
src/forge/backends/wien2k/core.py,52910,.py,production
src/forge/backends/wien2k/parsers.py,26907,.py,production
src/forge/benchmark/__init__.py,2403,.py,production
src/forge/benchmark/real.py,20147,.py,production
src/forge/benchmark/report.py,19313,.py,production
src/forge/benchmark/synthetic.py,19085,.py,production
src/forge/cli.py,6443,.py,production
src/forge/cli_commands/__init__.py,1052,.py,production
src/forge/cli_commands/_utils.py,1870,.py,production
src/forge/cli_commands/advise.py,10102,.py,production
src/forge/cli_commands/analyze.py,1695,.py,production
src/forge/cli_commands/analyze_bands.py,2901,.py,production
src/forge/cli_commands/base.py,966,.py,production
src/forge/cli_commands/benchmark.py,2986,.py,production
src/forge/cli_commands/calibrate.py,2306,.py,production
src/forge/cli_commands/converge.py,2697,.py,production
src/forge/cli_commands/diagnose.py,8038,.py,production
src/forge/cli_commands/diagnostics.py,1835,.py,production
src/forge/cli_commands/generate.py,7800,.py,production
src/forge/cli_commands/hardware.py,3840,.py,production
src/forge/cli_commands/history.py,4595,.py,production
src/forge/cli_commands/monitor.py,1130,.py,production
src/forge/cli_commands/optimize.py,3430,.py,production
src/forge/cli_commands/predict.py,2806,.py,production
src/forge/cli_commands/run.py,2004,.py,production
src/forge/cli_commands/screen.py,3131,.py,production
src/forge/cli_commands/submit.py,13821,.py,production
src/forge/cli_commands/tui.py,685,.py,production
src/forge/cli_commands/workflow.py,2004,.py,production
src/forge/cli_sbatch.py,16471,.py,production
src/forge/config.py,12030,.py,production
src/forge/core/__init__.py,5245,.py,production
src/forge/core/builder.py,19731,.py,production
src/forge/core/case_parser.py,54071,.py,production
src/forge/core/constants.py,1275,.py,production
src/forge/core/electronic_structure.py,22860,.py,production
src/forge/core/energy.py,17698,.py,production
src/forge/core/hardware/__init__.py,1704,.py,production
src/forge/core/hardware/cpu.py,16832,.py,production
src/forge/core/hardware/detection.py,385,.py,production
src/forge/core/hardware/system.py,22837,.py,production
src/forge/core/hardware/types.py,6933,.py,production
src/forge/core/hardware/wrapper.py,4599,.py,production
src/forge/core/locator.py,2220,.py,production
src/forge/core/materials_project.py,15461,.py,production
src/forge/core/perf_counters.py,42822,.py,production
src/forge/core/pipeline.py,17340,.py,production
src/forge/core/scheduler.py,23985,.py,production
src/forge/core/terminal_monitor.py,12452,.py,production
src/forge/core/topology.py,44456,.py,production
src/forge/core/workflow.py,29377,.py,production
src/forge/core/workflow_executor.py,27341,.py,production
src/forge/exceptions.py,13377,.py,production
src/forge/logging_config.py,10315,.py,production
src/forge/ml/__init__.py,320,.py,production
src/forge/ml/data_pipeline.py,17373,.py,production
src/forge/ml/gnn_kpoint_predictor.py,39033,.py,production
src/forge/ml/gnn_kpoint_v1.npz,330694,.npz,production
src/forge/optimizer/__init__.py,2797,.py,production
src/forge/optimizer/advisor.py,49339,.py,production
src/forge/optimizer/bayesian/__init__.py,1697,.py,production
src/forge/optimizer/bayesian/acquisition.py,4803,.py,production
src/forge/optimizer/bayesian/bohb.py,18805,.py,production
src/forge/optimizer/bayesian/constraints.py,2526,.py,production
src/forge/optimizer/bayesian/core.py,46942,.py,production
src/forge/optimizer/bayesian/dpp.py,6558,.py,production
src/forge/optimizer/bayesian/elements.py,6184,.py,production
src/forge/optimizer/bayesian/gp.py,7020,.py,production
src/forge/optimizer/bayesian/kernels.py,5063,.py,production
src/forge/optimizer/bayesian/sampling.py,2945,.py,production
src/forge/optimizer/bayesian_tuner.py,16725,.py,production
src/forge/optimizer/convergence.py,32963,.py,production
src/forge/optimizer/gpu_detector.py,18167,.py,production
src/forge/optimizer/history.py,32883,.py,production
src/forge/optimizer/ml_predict.py,21440,.py,production
src/forge/optimizer/monitor/__init__.py,1505,.py,production
src/forge/optimizer/monitor/checkpoint.py,9985,.py,production
src/forge/optimizer/monitor/convergence.py,26670,.py,production
src/forge/optimizer/monitor/engine.py,20965,.py,production
src/forge/optimizer/monitor/types.py,6116,.py,production
src/forge/optimizer/parallel.py,31384,.py,production
src/forge/optimizer/profiler.py,26900,.py,production
src/forge/submit/__init__.py,3615,.py,production
src/forge/submit/lsf.py,24349,.py,production
src/forge/submit/pbs.py,21234,.py,production
src/forge/submit/slurm.py,20769,.py,production
src/forge/types.py,14190,.py,production
src/forge/ui/__init__.py,906,.py,production
src/forge/ui/analysis.py,24178,.py,production
src/forge/ui/rich_ui.py,19298,.py,production
src/forge/utils/__init__.py,5134,.py,production
src/forge/utils/atomic_write.py,5141,.py,production
src/forge/utils/diagnostic.py,16507,.py,production
src/forge/utils/export.py,17563,.py,production
src/forge/utils/filelock.py,12062,.py,production
src/forge/utils/parallel_options.py,13564,.py,production
src/forge/utils/scratch.py,18535,.py,production
src/forge/utils/subprocess_utils.py,15330,.py,production
src/forge/utils/validation.py,15682,.py,production
src/forge/wizard.py,21068,.py,production
src/forge/wizard_sbatch.py,17159,.py,production
tests/__init__.py,418,.py,test
tests/codebase_map/test_extractor.py,5700,.py,test
tests/conftest.py,3315,.py,test
tests/fixtures/case_minimal.struct,141,.struct,test
tests/fixtures/hardware_avx512_ib.json,393,.json,test
tests/fixtures/scf_converged.scf,280,.scf,test
tests/fixtures/scf_not_converged.scf,439,.scf,test
tests/fixtures/topology_slurm.json,239,.json,test
tests/integration_test.py,7606,.py,test
tests/reframe/reframe_config.py,3764,.py,test
tests/reframe/wien2k_gen_test.py,8186,.py,test
tests/test_advisor.py,26271,.py,test
tests/test_analysis.py,10153,.py,test
tests/test_auto_detect.py,3801,.py,test
tests/test_bayesian.py,16191,.py,test
tests/test_bayesian_core.py,3696,.py,test
tests/test_bohb_dpp.py,8571,.py,test
tests/test_builder.py,2495,.py,test
tests/test_case_parser.py,16800,.py,test
tests/test_completions.py,2061,.py,test
tests/test_config.py,3100,.py,test
tests/test_convergence_opt.py,32143,.py,test
tests/test_diagnose.py,6252,.py,test
tests/test_elpa_selector.py,3230,.py,test
tests/test_gnn_kpoint_predictor.py,6559,.py,test
tests/test_hardware.py,13163,.py,test
tests/test_integration.py,6161,.py,test
tests/test_new_features.py,5350,.py,test
tests/test_parallel.py,27779,.py,test
tests/test_parallel_options.py,3160,.py,test
tests/test_perf_counters.py,12949,.py,test
tests/test_robustness.py,9294,.py,test
tests/test_scheduler.py,6111,.py,test
tests/test_slurm.py,3881,.py,test
tests/test_submit.py,14095,.py,test
tests/test_topology.py,13764,.py,test
tests/test_types.py,4447,.py,test
tests/test_utils.py,5965,.py,test
tests/test_wien2k_backend.py,77976,.py,test
tests/test_wien2k_flags.py,3468,.py,test
tests/test_wizard.py,2689,.py,test
tools/codebase_map/README.md,1969,.md,tool
tools/codebase_map/__init__.py,85,.py,tool
tools/codebase_map/analyze.py,19856,.py,tool
tools/codebase_map/config.json,446,.json,tool
tools/codebase_map/extractor.py,19864,.py,tool
tools/codebase_map/gen_graphs.py,15797,.py,tool
tools/codebase_map/gen_inventory.py,2914,.py,tool
tools/codebase_map/gen_markdown.py,27767,.py,tool
tools/codebase_map/reports.py,2156,.py,tool
tools/codebase_map/stdlib_modules.py,4096,.py,tool
tools/codebase_map/textutil.py,575,.py,tool
